order_id,amount,profit,quantity,category,sub_category
B-26101,7,-3,2,Clothing,Skirt
B-26102,30,13,1,Clothing,T-shirt
B-26103,1854,433,5,Furniture,Bookcases
B-26104,1319,567,5,Electronics,Printers
B-26104,105,20,2,Clothing,Stole
B-26104,17,0,1,Clothing,Hankerchief
B-26104,183,-66,5,Electronics,Phones
B-26105,911,202,7,Furniture,Chairs
B-26105,74,9,3,Clothing,Shirt
B-26105,58,-42,2,Furniture,Chairs
B-26105,100,-58,4,Clothing,Hankerchief
B-26106,60,13,2,Clothing,T-shirt
B-26107,45,-15,2,Furniture,Chairs
B-26108,114,-39,5,Clothing,Kurti
B-26108,52,14,2,Clothing,Stole
B-26108,91,15,6,Clothing,T-shirt
B-26108,37,-5,3,Clothing,T-shirt
B-26108,1021,-48,4,Electronics,Electronic Games
B-26108,1709,564,3,Clothing,Trousers
B-26108,57,24,5,Clothing,Leggings
B-26109,1246,62,3,Furniture,Bookcases
B-26109,27,12,1,Clothing,Stole
B-26109,313,-13,5,Furniture,Bookcases
B-26109,269,33,5,Furniture,Chairs
B-26109,434,26,11,Clothing,Shirt
B-26110,306,-147,3,Clothing,Saree
B-26110,133,5,5,Clothing,Stole
B-26110,743,89,5,Electronics,Printers
B-26110,98,9,2,Furniture,Furnishings
B-26111,16,5,1,Clothing,Stole
B-26112,129,11,2,Electronics,Phones
B-26113,322,-113,4,Clothing,Saree
B-26114,56,18,2,Clothing,Hankerchief
B-26115,89,6,5,Clothing,Saree
B-26115,1361,197,9,Furniture,Bookcases
B-26115,49,5,4,Clothing,Hankerchief
B-26116,53,24,1,Clothing,Hankerchief
B-26116,867,251,5,Electronics,Phones
B-26116,327,-39,1,Electronics,Phones
B-26116,45,12,4,Clothing,Hankerchief
B-26117,60,3,3,Clothing,Saree
B-26117,32,8,5,Clothing,Hankerchief
B-26117,114,11,4,Clothing,T-shirt
B-26117,169,55,4,Clothing,Saree
B-26118,116,22,1,Electronics,Accessories
B-26119,372,59,3,Electronics,Printers
B-26120,32,1,2,Clothing,Stole
B-26121,336,123,3,Electronics,Phones
B-26121,26,7,4,Clothing,Hankerchief
B-26121,314,-239,13,Clothing,Hankerchief
B-26121,189,60,4,Furniture,Furnishings
B-26121,595,119,4,Furniture,Bookcases
B-26121,96,48,5,Clothing,Leggings
B-26121,176,-13,5,Furniture,Furnishings
B-26121,43,21,3,Clothing,Shirt
B-26121,632,-316,6,Clothing,Saree
B-26122,30,-5,2,Furniture,Furnishings
B-26123,357,139,2,Clothing,Saree
B-26124,816,-96,3,Electronics,Printers
B-26124,299,0,6,Clothing,Stole
B-26124,785,52,2,Electronics,Phones
B-26124,18,8,2,Clothing,Hankerchief
B-26125,163,81,2,Electronics,Accessories
B-26126,1954,782,3,Electronics,Phones
B-26126,46,0,4,Clothing,Leggings
B-26126,216,50,4,Clothing,Stole
B-26126,527,26,3,Electronics,Electronic Games
B-26127,78,-6,2,Furniture,Furnishings
B-26127,63,17,6,Clothing,Leggings
B-26127,25,-11,1,Clothing,Stole
B-26128,637,50,5,Clothing,Saree
B-26128,7,-3,2,Clothing,Skirt
B-26128,141,28,7,Furniture,Furnishings
B-26129,191,51,5,Clothing,Shirt
B-26129,90,29,5,Clothing,T-shirt
B-26130,11,-8,2,Clothing,Skirt
B-26131,26,10,4,Clothing,Hankerchief
B-26131,40,-12,3,Clothing,Shirt
B-26131,502,84,4,Electronics,Phones
B-26131,18,3,2,Clothing,Hankerchief
B-26132,29,11,4,Clothing,Skirt
B-26133,644,167,2,Electronics,Printers
B-26134,88,19,2,Clothing,Shirt
B-26134,221,26,7,Furniture,Furnishings
B-26134,100,28,2,Clothing,Hankerchief
B-26134,109,40,1,Furniture,Furnishings
B-26135,21,-6,3,Clothing,Leggings
B-26136,71,-44,5,Electronics,Accessories
B-26136,22,-6,1,Furniture,Furnishings
B-26136,273,-87,4,Electronics,Phones
B-26136,22,-15,4,Clothing,Kurti
B-26137,148,59,3,Clothing,Hankerchief
B-26137,496,-79,2,Clothing,Trousers
B-26137,1275,-1148,7,Furniture,Bookcases
B-26137,7,-3,2,Clothing,Skirt
B-26137,105,46,2,Clothing,Stole
B-26138,98,-12,2,Electronics,Electronic Games
B-26139,30,11,5,Clothing,Hankerchief
B-26139,32,6,3,Clothing,Shirt
B-26139,23,-6,4,Clothing,Hankerchief
B-26140,192,-146,3,Clothing,Saree
B-26141,291,93,2,Electronics,Printers
B-26141,96,48,5,Clothing,Leggings
B-26141,18,6,3,Clothing,Hankerchief
B-26141,336,71,3,Furniture,Bookcases
B-26141,823,-18,7,Furniture,Chairs
B-26142,85,-9,4,Clothing,Saree
B-26142,503,-56,2,Clothing,Trousers
B-26142,134,-13,3,Electronics,Electronic Games
B-26142,86,-55,6,Clothing,Saree
B-26143,44,20,2,Clothing,T-shirt
B-26143,189,87,7,Clothing,Stole
B-26143,342,-103,4,Electronics,Electronic Games
B-26143,7,1,1,Clothing,Hankerchief
B-26144,189,87,7,Clothing,Stole
B-26144,852,51,5,Furniture,Bookcases
B-26144,36,15,3,Clothing,Stole
B-26144,744,119,6,Electronics,Printers
B-26145,44,-34,3,Clothing,Stole
B-26145,1829,-56,6,Furniture,Tables
B-26146,51,14,2,Clothing,Stole
B-26146,414,199,3,Electronics,Phones
B-26146,765,-153,2,Electronics,Phones
B-26146,100,-58,4,Clothing,Hankerchief
B-26146,147,44,3,Clothing,Saree
B-26146,88,11,3,Electronics,Accessories
B-26147,315,-8,3,Furniture,Chairs
B-26147,195,12,9,Clothing,Shirt
B-26147,365,107,3,Electronics,Phones
B-26148,294,109,7,Electronics,Accessories
B-26148,767,-353,5,Clothing,Trousers
B-26149,116,-56,5,Clothing,Stole
B-26149,19,-1,1,Clothing,Shirt
B-26149,148,-91,2,Electronics,Phones
B-26149,22,-8,4,Clothing,Hankerchief
B-26150,71,0,8,Clothing,Skirt
B-26150,55,18,2,Clothing,Kurti
B-26150,19,8,2,Clothing,Hankerchief
B-26150,93,-84,3,Clothing,Saree
B-26150,192,-146,3,Clothing,Saree
B-26150,10,-1,1,Clothing,Leggings
B-26150,58,0,4,Clothing,Saree
B-26150,34,-13,5,Clothing,Leggings
B-26150,31,-3,4,Clothing,Saree
B-26150,103,21,7,Clothing,Stole
B-26151,41,19,5,Clothing,Hankerchief
B-26151,916,192,11,Electronics,Phones
B-26151,105,33,6,Clothing,Saree
B-26152,49,3,1,Clothing,Shirt
B-26152,55,4,2,Clothing,Stole
B-26152,70,24,3,Clothing,Stole
B-26153,560,44,3,Clothing,Saree
B-26153,513,215,2,Electronics,Accessories
B-26153,32,-16,6,Clothing,Saree
B-26153,2292,127,7,Furniture,Bookcases
B-26153,220,-19,2,Clothing,Saree
B-26153,149,17,4,Furniture,Furnishings
B-26154,205,-119,3,Clothing,Saree
B-26154,21,-10,4,Clothing,Leggings
B-26154,133,46,5,Clothing,Shirt
B-26154,48,16,3,Clothing,Shirt
B-26154,14,-1,4,Clothing,Kurti
B-26154,86,-21,1,Electronics,Electronic Games
B-26154,7,-3,2,Clothing,Skirt
B-26155,315,-8,3,Furniture,Chairs
B-26155,342,-103,4,Electronics,Electronic Games
B-26155,128,55,1,Clothing,Saree
B-26156,61,1,2,Furniture,Furnishings
B-26156,1506,-266,6,Electronics,Printers
B-26156,24,8,2,Clothing,Skirt
B-26156,83,-48,1,Furniture,Bookcases
B-26156,50,15,4,Clothing,Leggings
B-26156,11,5,2,Clothing,Hankerchief
B-26156,73,-36,3,Furniture,Chairs
B-26157,53,2,4,Clothing,Hankerchief
B-26158,163,81,2,Electronics,Accessories
B-26159,186,-141,9,Clothing,Shirt
B-26159,30,-10,2,Clothing,Stole
B-26159,27,-20,2,Clothing,Hankerchief
B-26160,23,4,2,Clothing,Skirt
B-26160,133,-56,2,Furniture,Chairs
B-26161,83,-48,1,Furniture,Bookcases
B-26162,137,-41,3,Electronics,Phones
B-26162,955,305,3,Electronics,Printers
B-26162,42,7,2,Clothing,Kurti
B-26163,45,6,3,Clothing,Shirt
B-26163,736,346,5,Electronics,Printers
B-26163,40,16,3,Clothing,Hankerchief
B-26164,62,6,5,Clothing,Hankerchief
B-26165,140,6,5,Clothing,Saree
B-26165,117,-6,3,Electronics,Phones
B-26165,424,-272,5,Electronics,Phones
B-26165,676,151,3,Electronics,Printers
B-26166,648,50,6,Electronics,Electronic Games
B-26166,48,16,3,Clothing,Shirt
B-26166,2244,247,4,Clothing,Trousers
B-26166,263,-31,9,Electronics,Electronic Games
B-26166,16,0,1,Clothing,Saree
B-26167,217,72,2,Furniture,Furnishings
B-26168,127,29,3,Furniture,Furnishings
B-26168,187,30,4,Electronics,Accessories
B-26168,22,-12,3,Clothing,Stole
B-26168,330,81,1,Furniture,Bookcases
B-26169,10,-2,2,Clothing,Leggings
B-26170,391,90,6,Electronics,Phones
B-26170,15,2,1,Clothing,Leggings
B-26170,83,12,2,Furniture,Chairs
B-26170,98,12,2,Clothing,Hankerchief
B-26170,48,6,1,Clothing,Saree
B-26170,188,-193,2,Electronics,Electronic Games
B-26171,31,14,3,Clothing,Stole
B-26172,37,17,3,Clothing,Hankerchief
B-26173,487,143,4,Electronics,Phones
B-26174,133,-56,2,Furniture,Chairs
B-26174,105,26,8,Clothing,Leggings
B-26174,122,11,4,Clothing,Hankerchief
B-26174,32,1,2,Clothing,Stole
B-26174,610,-66,2,Furniture,Tables
B-26174,245,-78,3,Clothing,Saree
B-26174,537,107,3,Clothing,Saree
B-26174,30,13,1,Clothing,T-shirt
B-26174,144,-7,4,Electronics,Electronic Games
B-26175,765,-36,3,Electronics,Electronic Games
B-26175,31,2,2,Clothing,Hankerchief
B-26175,120,1,1,Furniture,Chairs
B-26175,68,-27,3,Electronics,Accessories
B-26176,55,4,2,Clothing,Stole
B-26177,80,22,3,Clothing,Stole
B-26177,119,56,7,Clothing,Saree
B-26177,616,-69,7,Furniture,Furnishings
B-26177,137,63,3,Clothing,Stole
B-26177,122,-66,9,Electronics,Accessories
B-26178,185,-26,6,Furniture,Chairs
B-26179,86,-55,6,Clothing,Saree
B-26179,417,49,3,Electronics,Electronic Games
B-26179,29,11,4,Clothing,Skirt
B-26180,20,-22,1,Furniture,Furnishings
B-26181,34,-12,5,Clothing,Leggings
B-26182,37,3,3,Clothing,Hankerchief
B-26182,140,6,5,Clothing,Saree
B-26182,25,-5,4,Clothing,Saree
B-26182,139,14,3,Clothing,Stole
B-26183,48,6,1,Clothing,Saree
B-26184,88,11,3,Electronics,Accessories
B-26184,231,99,2,Electronics,Electronic Games
B-26184,59,24,6,Clothing,Kurti
B-26184,396,-31,9,Clothing,Saree
B-26185,59,30,3,Clothing,Leggings
B-26185,414,199,3,Electronics,Phones
B-26186,785,52,2,Electronics,Phones
B-26186,29,8,5,Clothing,Hankerchief
B-26187,527,26,3,Electronics,Electronic Games
B-26187,1069,0,6,Clothing,Saree
B-26187,20,-2,1,Electronics,Accessories
B-26188,223,4,3,Electronics,Phones
B-26188,27,0,2,Clothing,Leggings
B-26188,206,-206,3,Clothing,Saree
B-26189,87,32,9,Clothing,Skirt
B-26189,118,35,7,Clothing,T-shirt
B-26189,30,13,1,Clothing,T-shirt
B-26189,582,262,5,Furniture,Furnishings
B-26190,8,2,2,Clothing,Skirt
B-26191,171,68,7,Clothing,Stole
B-26191,36,-7,1,Electronics,Electronic Games
B-26191,36,15,3,Clothing,Stole
B-26191,52,11,5,Clothing,Leggings
B-26192,57,28,2,Clothing,Kurti
B-26193,44,-8,3,Clothing,Stole
B-26193,444,-200,4,Electronics,Phones
B-26193,121,41,4,Clothing,Stole
B-26193,168,-51,2,Furniture,Bookcases
B-26193,534,0,3,Clothing,Saree
B-26193,86,-55,6,Clothing,Saree
B-26193,19,-2,2,Clothing,Leggings
B-26193,98,-45,2,Furniture,Chairs
B-26193,729,-492,5,Furniture,Bookcases
B-26194,32,-12,1,Furniture,Chairs
B-26195,88,16,4,Clothing,Stole
B-26196,61,-25,4,Electronics,Accessories
B-26196,25,-5,4,Clothing,Saree
B-26196,16,-5,2,Clothing,Stole
B-26196,476,0,3,Furniture,Chairs
B-26196,17,2,2,Clothing,Skirt
B-26197,67,-42,3,Clothing,Stole
B-26198,1120,199,6,Clothing,Saree
B-26199,527,26,3,Electronics,Electronic Games
B-26199,119,1,1,Furniture,Chairs
B-26199,579,139,3,Electronics,Printers
B-26199,21,-12,3,Clothing,Hankerchief
B-26200,1027,441,8,Clothing,Saree
B-26201,6,1,1,Clothing,Kurti
B-26202,319,102,6,Electronics,Accessories
B-26203,226,58,3,Electronics,Accessories
B-26204,69,-67,4,Clothing,Kurti
B-26205,785,52,2,Electronics,Phones
B-26205,42,-6,4,Clothing,Saree
B-26205,115,47,2,Electronics,Accessories
B-26205,31,-7,5,Clothing,Skirt
B-26206,172,-103,3,Furniture,Chairs
B-26206,255,76,9,Clothing,Hankerchief
B-26206,32,3,8,Clothing,Hankerchief
B-26206,146,7,2,Electronics,Phones
B-26206,14,-3,2,Clothing,Leggings
B-26207,27,-20,2,Clothing,Hankerchief
B-26207,1250,486,7,Clothing,Saree
B-26208,41,11,6,Clothing,Hankerchief
B-26208,11,-8,2,Clothing,Skirt
B-26208,45,17,1,Electronics,Accessories
B-26208,27,4,1,Clothing,Hankerchief
B-26208,1137,568,2,Clothing,Trousers
B-26209,43,17,2,Clothing,T-shirt
B-26209,465,-33,4,Electronics,Phones
B-26210,66,-12,5,Clothing,Stole
B-26211,336,123,3,Electronics,Phones
B-26212,33,-29,3,Clothing,Shirt
B-26213,561,212,3,Clothing,Saree
B-26214,206,-206,3,Clothing,Saree
B-26214,45,12,7,Clothing,Hankerchief
B-26215,30,-5,2,Furniture,Furnishings
B-26215,257,-3,2,Furniture,Bookcases
B-26215,29,-18,7,Clothing,Skirt
B-26215,287,66,6,Clothing,Kurti
B-26216,560,44,3,Clothing,Saree
B-26217,360,32,3,Clothing,Saree
B-26218,89,-4,5,Clothing,Saree
B-26218,1316,-527,7,Electronics,Electronic Games
B-26218,88,11,3,Electronics,Accessories
B-26219,446,53,3,Electronics,Printers
B-26219,122,15,3,Electronics,Accessories
B-26219,24,-9,4,Clothing,Saree
B-26219,1824,-1303,8,Electronics,Phones
B-26219,774,170,3,Electronics,Accessories
B-26220,119,-24,4,Furniture,Furnishings
B-26221,14,2,1,Clothing,Hankerchief
B-26221,62,6,5,Clothing,Hankerchief
B-26221,442,31,2,Electronics,Electronic Games
B-26222,141,7,7,Clothing,Saree
B-26222,128,55,1,Clothing,Saree
B-26222,190,68,8,Clothing,T-shirt
B-26223,120,23,5,Clothing,Stole
B-26223,188,-193,2,Electronics,Electronic Games
B-26223,55,-33,2,Furniture,Chairs
B-26224,11,-2,4,Clothing,Hankerchief
B-26224,21,-17,3,Clothing,Shirt
B-26224,396,-31,9,Clothing,Saree
B-26224,1117,447,10,Furniture,Bookcases
B-26225,100,12,2,Clothing,T-shirt
B-26226,133,5,5,Clothing,Stole
B-26227,168,-111,2,Electronics,Phones
B-26228,180,54,4,Clothing,T-shirt
B-26228,381,144,2,Clothing,Saree
B-26228,170,73,2,Electronics,Accessories
B-26229,36,-7,1,Electronics,Electronic Games
B-26230,23,-6,4,Clothing,Hankerchief
B-26231,74,-51,3,Clothing,Stole
B-26231,89,6,5,Clothing,Saree
B-26231,941,-203,3,Furniture,Tables
B-26231,365,107,3,Electronics,Phones
B-26232,26,11,2,Clothing,Hankerchief
B-26232,276,-21,2,Electronics,Phones
B-26232,117,36,2,Clothing,Trousers
B-26232,40,18,1,Electronics,Accessories
B-26232,487,-23,3,Electronics,Printers
B-26232,1622,248,3,Electronics,Phones
B-26232,122,15,3,Electronics,Accessories
B-26233,674,-187,2,Furniture,Tables
B-26233,12,-2,3,Clothing,Hankerchief
B-26233,79,39,2,Clothing,Shirt
B-26233,257,-3,2,Furniture,Bookcases
B-26234,157,5,9,Clothing,Saree
B-26235,670,15,5,Furniture,Bookcases
B-26235,152,23,3,Furniture,Furnishings
B-26235,22,-8,4,Clothing,Hankerchief
B-26235,54,27,2,Clothing,Stole
B-26236,27,5,2,Clothing,Skirt
B-26237,45,0,2,Clothing,Stole
B-26238,425,208,7,Clothing,Saree
B-26238,44,-32,3,Clothing,Stole
B-26238,852,51,5,Furniture,Bookcases
B-26238,193,33,5,Electronics,Accessories
B-26239,161,40,3,Clothing,Stole
B-26239,29,3,2,Clothing,Stole
B-26239,46,13,3,Clothing,Hankerchief
B-26239,693,254,6,Clothing,Saree
B-26240,97,-45,4,Clothing,Saree
B-26240,34,12,2,Clothing,Stole
B-26241,1246,62,3,Furniture,Bookcases
B-26241,143,-124,5,Clothing,Saree
B-26241,44,14,3,Clothing,Hankerchief
B-26241,18,3,2,Clothing,Hankerchief
B-26241,934,-916,7,Electronics,Electronic Games
B-26241,85,13,2,Clothing,Shirt
B-26241,550,242,5,Furniture,Furnishings
B-26241,600,102,5,Electronics,Electronic Games
B-26242,29,10,2,Clothing,Stole
B-26243,135,54,5,Clothing,Kurti
B-26243,494,54,4,Furniture,Bookcases
B-26243,424,-272,5,Electronics,Phones
B-26244,64,27,5,Clothing,Hankerchief
B-26245,27,-15,1,Clothing,Stole
B-26246,165,30,3,Clothing,Stole
B-26247,8,-2,3,Clothing,Hankerchief
B-26247,57,27,2,Clothing,Shirt
B-26247,155,5,3,Clothing,Stole
B-26248,44,-40,3,Clothing,Stole
B-26248,147,73,3,Clothing,Stole
B-26248,138,11,5,Clothing,Stole
B-26248,91,15,6,Clothing,T-shirt
B-26248,313,-13,5,Furniture,Bookcases
B-26249,34,10,2,Clothing,T-shirt
B-26250,21,-17,3,Clothing,Shirt
B-26251,212,-24,2,Furniture,Chairs
B-26252,105,46,2,Clothing,Stole
B-26252,1824,-1303,8,Electronics,Phones
B-26252,32,7,3,Clothing,Hankerchief
B-26252,67,2,4,Clothing,T-shirt
B-26253,74,-51,3,Clothing,Stole
B-26253,689,90,5,Clothing,Saree
B-26254,42,-3,1,Electronics,Electronic Games
B-26254,79,33,4,Clothing,Stole
B-26254,85,24,10,Clothing,Hankerchief
B-26254,147,44,3,Clothing,Saree
B-26254,1599,37,6,Electronics,Electronic Games
B-26255,313,44,3,Electronics,Electronic Games
B-26255,165,46,3,Furniture,Furnishings
B-26255,429,17,3,Furniture,Chairs
B-26256,510,234,6,Electronics,Electronic Games
B-26256,64,27,5,Clothing,Hankerchief
B-26256,82,27,3,Clothing,Kurti
B-26256,216,-135,3,Furniture,Chairs
B-26257,42,-26,2,Clothing,Kurti
B-26258,86,-21,1,Electronics,Electronic Games
B-26258,147,21,3,Furniture,Furnishings
B-26258,209,-21,2,Electronics,Electronic Games
B-26258,77,-43,8,Clothing,Stole
B-26258,111,9,4,Clothing,Stole
B-26258,97,14,2,Clothing,T-shirt
B-26258,40,-37,3,Clothing,Stole
B-26258,61,25,4,Clothing,Saree
B-26258,19,0,3,Clothing,Skirt
B-26259,38,-13,3,Clothing,Stole
B-26260,86,-55,6,Clothing,Saree
B-26260,32,-5,5,Clothing,Hankerchief
B-26260,213,4,14,Clothing,Shirt
B-26260,128,4,3,Clothing,Saree
B-26260,10,-1,1,Clothing,Leggings
B-26261,207,37,4,Clothing,Hankerchief
B-26261,693,254,6,Clothing,Saree
B-26261,656,-36,2,Furniture,Bookcases
B-26262,34,-6,4,Clothing,Leggings
B-26262,248,-70,3,Furniture,Chairs
B-26262,34,-6,4,Clothing,Leggings
B-26262,23,-5,7,Clothing,Hankerchief
B-26262,1069,0,6,Clothing,Saree
B-26262,18,2,3,Clothing,Hankerchief
B-26262,600,102,5,Electronics,Electronic Games
B-26262,341,160,7,Clothing,Stole
B-26263,632,-114,4,Furniture,Tables
B-26264,40,-33,5,Clothing,Hankerchief
B-26265,22,-6,1,Furniture,Furnishings
B-26266,119,56,7,Clothing,Saree
B-26267,829,19,4,Electronics,Printers
B-26267,110,12,7,Clothing,Stole
B-26267,36,15,3,Clothing,Stole
B-26267,709,-100,5,Electronics,Phones
B-26267,877,395,2,Furniture,Bookcases
B-26268,45,12,7,Clothing,Hankerchief
B-26268,41,11,6,Clothing,Hankerchief
B-26269,291,93,2,Electronics,Printers
B-26269,1461,202,5,Furniture,Tables
B-26269,43,0,3,Clothing,Saree
B-26269,193,46,1,Electronics,Printers
B-26269,89,-37,4,Clothing,Shirt
B-26269,85,2,6,Clothing,Stole
B-26269,16,8,2,Clothing,Hankerchief
B-26269,79,-2,2,Furniture,Furnishings
B-26269,1275,-1148,7,Furniture,Bookcases
B-26269,379,63,2,Clothing,Saree
B-26270,278,39,5,Furniture,Chairs
B-26270,341,44,7,Furniture,Furnishings
B-26270,27,4,1,Clothing,Hankerchief
B-26270,187,30,4,Electronics,Accessories
B-26270,74,23,8,Clothing,Skirt
B-26270,68,-27,3,Electronics,Accessories
B-26270,128,4,3,Clothing,Saree
B-26270,111,11,9,Clothing,Hankerchief
B-26270,37,17,3,Clothing,Hankerchief
B-26271,151,29,5,Clothing,Hankerchief
B-26272,70,26,5,Clothing,Hankerchief
B-26272,741,267,5,Furniture,Bookcases
B-26272,59,30,3,Clothing,Leggings
B-26272,1314,342,3,Furniture,Bookcases
B-26272,30,-35,1,Furniture,Chairs
B-26272,224,87,3,Clothing,Trousers
B-26273,37,-53,3,Clothing,Saree
B-26274,30,-10,2,Clothing,Stole
B-26274,484,28,3,Electronics,Printers
B-26274,891,0,5,Clothing,Saree
B-26274,24,-1,2,Clothing,Hankerchief
B-26274,20,-8,2,Clothing,Saree
B-26275,31,11,3,Clothing,Skirt
B-26276,193,-275,3,Electronics,Phones
B-26277,12,1,2,Clothing,Hankerchief
B-26278,298,74,2,Furniture,Bookcases
B-26279,216,-135,3,Furniture,Chairs
B-26279,216,50,4,Clothing,Stole
B-26279,45,1,3,Clothing,T-shirt
B-26279,48,-8,8,Clothing,Stole
B-26279,96,22,5,Clothing,Stole
B-26279,34,3,3,Clothing,Saree
B-26279,45,8,4,Clothing,Skirt
B-26279,134,-34,2,Furniture,Chairs
B-26279,43,0,3,Clothing,Saree
B-26279,149,48,6,Clothing,Stole
B-26280,45,6,3,Clothing,Shirt
B-26281,245,10,2,Furniture,Bookcases
B-26281,109,52,2,Clothing,Stole
B-26282,333,-15,3,Electronics,Phones
B-26282,299,113,2,Furniture,Bookcases
B-26283,111,11,9,Clothing,Hankerchief
B-26284,215,-30,2,Clothing,Saree
B-26284,111,9,4,Clothing,Stole
B-26284,90,17,3,Clothing,Hankerchief
B-26284,941,-203,3,Furniture,Tables
B-26284,40,10,2,Clothing,Stole
B-26284,729,-492,5,Furniture,Bookcases
B-26284,85,13,2,Clothing,Shirt
B-26284,460,31,3,Furniture,Bookcases
B-26285,161,-229,8,Furniture,Furnishings
B-26285,341,-85,6,Clothing,Trousers
B-26286,2093,721,5,Furniture,Chairs
B-26286,114,8,3,Electronics,Accessories
B-26286,100,-58,4,Clothing,Hankerchief
B-26286,210,50,4,Clothing,Hankerchief
B-26286,149,15,3,Clothing,Saree
B-26286,450,190,4,Furniture,Bookcases
B-26286,342,-103,4,Electronics,Electronic Games
B-26286,47,-3,2,Clothing,Stole
B-26286,46,0,2,Electronics,Electronic Games
B-26287,143,-124,5,Clothing,Saree
B-26287,711,-8,4,Clothing,Saree
B-26287,68,-62,2,Clothing,Trousers
B-26287,2830,-1981,13,Furniture,Bookcases
B-26287,246,98,5,Clothing,Hankerchief
B-26287,216,50,4,Clothing,Stole
B-26287,17,2,2,Clothing,Skirt
B-26288,146,19,5,Clothing,Stole
B-26288,119,43,5,Clothing,T-shirt
B-26288,44,7,3,Clothing,Kurti
B-26288,67,2,4,Clothing,T-shirt
B-26288,193,8,4,Clothing,T-shirt
B-26288,353,90,8,Clothing,Saree
B-26288,26,7,4,Clothing,Hankerchief
B-26288,60,-12,4,Clothing,Hankerchief
B-26288,42,-3,1,Electronics,Electronic Games
B-26288,139,14,3,Clothing,Stole
B-26288,51,21,3,Clothing,T-shirt
B-26289,19,-1,1,Clothing,Shirt
B-26289,933,166,5,Clothing,Saree
B-26289,169,0,3,Electronics,Accessories
B-26289,58,-42,2,Furniture,Chairs
B-26290,32,-5,5,Clothing,Hankerchief
B-26290,45,-28,2,Clothing,Stole
B-26290,176,-13,5,Furniture,Furnishings
B-26290,55,3,3,Clothing,T-shirt
B-26290,119,1,1,Furniture,Chairs
B-26290,42,-26,2,Clothing,Kurti
B-26290,648,50,6,Electronics,Electronic Games
B-26291,224,87,3,Clothing,Trousers
B-26292,192,-146,3,Clothing,Saree
B-26292,120,1,1,Furniture,Chairs
B-26292,362,127,1,Furniture,Bookcases
B-26292,765,8,6,Clothing,Saree
B-26292,147,44,3,Clothing,Saree
B-26292,487,-23,3,Electronics,Printers
B-26292,635,-349,5,Clothing,Saree
B-26292,534,0,3,Clothing,Saree
B-26293,212,97,7,Clothing,Hankerchief
B-26293,70,-14,2,Furniture,Furnishings
B-26293,27,1,1,Clothing,Stole
B-26293,246,98,5,Clothing,Hankerchief
B-26294,224,58,3,Electronics,Phones
B-26295,1622,248,3,Electronics,Phones
B-26295,482,-6,7,Electronics,Electronic Games
B-26295,252,56,2,Electronics,Phones
B-26295,165,30,3,Clothing,Stole
B-26295,42,-15,12,Clothing,Skirt
B-26295,424,-272,5,Electronics,Phones
B-26295,62,8,2,Clothing,T-shirt
B-26295,19,-18,4,Clothing,Kurti
B-26295,84,-42,2,Electronics,Accessories
B-26295,122,11,4,Clothing,Hankerchief
B-26296,191,51,5,Clothing,Shirt
B-26296,45,1,3,Clothing,T-shirt
B-26296,24,11,3,Clothing,Hankerchief
B-26296,109,35,6,Clothing,T-shirt
B-26297,43,-43,7,Clothing,Stole
B-26298,26,11,2,Clothing,Hankerchief
B-26299,117,-6,3,Electronics,Phones
B-26299,50,9,6,Clothing,Skirt
B-26299,742,198,2,Furniture,Bookcases
B-26299,93,44,2,Clothing,Stole
B-26299,338,41,7,Clothing,Hankerchief
B-26299,19,8,2,Clothing,Hankerchief
B-26299,98,-5,2,Clothing,Saree
B-26299,46,14,5,Clothing,Skirt
B-26299,26,2,2,Clothing,Hankerchief
B-26300,238,20,2,Clothing,Saree
B-26300,34,-13,5,Clothing,Leggings
B-26300,82,27,3,Clothing,Kurti
B-26300,96,22,5,Clothing,Stole
B-26300,37,-23,4,Clothing,Shirt
B-26300,228,63,3,Electronics,Electronic Games
B-26301,263,-31,9,Electronics,Electronic Games
B-26302,216,50,4,Clothing,Stole
B-26302,14,5,1,Clothing,Hankerchief
B-26302,503,-56,2,Clothing,Trousers
B-26302,172,-103,3,Furniture,Chairs
B-26302,115,25,1,Electronics,Accessories
B-26302,149,48,6,Clothing,Stole
B-26302,89,-37,4,Clothing,Shirt
B-26303,149,-40,2,Electronics,Phones
B-26304,850,289,5,Electronics,Electronic Games
B-26305,74,29,3,Clothing,Stole
B-26306,26,7,4,Clothing,Hankerchief
B-26306,148,72,7,Clothing,T-shirt
B-26306,255,76,9,Clothing,Hankerchief
B-26307,63,1,4,Clothing,T-shirt
B-26308,742,198,2,Furniture,Bookcases
B-26309,18,8,2,Clothing,Hankerchief
B-26309,1145,-706,3,Electronics,Phones
B-26309,76,-50,1,Clothing,Saree
B-26309,85,24,10,Clothing,Hankerchief
B-26309,149,15,3,Clothing,Saree
B-26309,1316,-527,7,Electronics,Electronic Games
B-26309,47,-27,4,Clothing,Saree
B-26309,497,179,3,Furniture,Chairs
B-26310,29,10,2,Clothing,Stole
B-26311,105,33,6,Clothing,Saree
B-26311,671,-309,5,Electronics,Electronic Games
B-26311,450,-90,3,Electronics,Printers
B-26312,527,26,3,Electronics,Electronic Games
B-26313,31,9,2,Clothing,Hankerchief
B-26313,635,-349,5,Clothing,Saree
B-26313,65,-52,3,Electronics,Accessories
B-26314,67,-42,3,Clothing,Stole
B-26314,139,14,3,Clothing,Kurti
B-26314,31,11,3,Clothing,Skirt
B-26314,122,38,6,Clothing,T-shirt
B-26315,122,50,7,Clothing,Stole
B-26316,133,-56,2,Furniture,Chairs
B-26317,34,12,2,Clothing,Stole
B-26317,97,-62,2,Clothing,Trousers
B-26317,28,6,4,Clothing,Skirt
B-26317,685,7,7,Clothing,Trousers
B-26317,33,-12,7,Clothing,Saree
B-26317,40,-12,3,Clothing,Shirt
B-26318,424,-17,9,Furniture,Chairs
B-26318,15,-7,1,Clothing,Hankerchief
B-26318,210,62,2,Electronics,Phones
B-26318,412,-412,6,Clothing,Saree
B-26318,424,-17,9,Furniture,Chairs
B-26319,27,4,3,Clothing,Skirt
B-26319,190,19,9,Furniture,Furnishings
B-26319,275,-275,4,Clothing,Saree
B-26319,29,-24,4,Clothing,Leggings
B-26320,223,62,7,Clothing,Shirt
B-26320,24,8,2,Clothing,Skirt
B-26320,434,26,11,Clothing,Shirt
B-26320,105,46,2,Clothing,Stole
B-26320,61,-50,4,Clothing,Hankerchief
B-26320,84,41,3,Clothing,T-shirt
B-26320,27,12,1,Clothing,Stole
B-26320,34,-6,4,Clothing,Leggings
B-26321,67,20,4,Clothing,T-shirt
B-26321,511,194,3,Furniture,Chairs
B-26321,106,0,2,Electronics,Phones
B-26321,134,-34,2,Furniture,Chairs
B-26321,18,3,2,Clothing,Hankerchief
B-26322,502,84,4,Electronics,Phones
B-26323,59,21,2,Clothing,Stole
B-26324,207,37,4,Clothing,Hankerchief
B-26324,45,0,2,Clothing,T-shirt
B-26324,34,-13,5,Clothing,Leggings
B-26325,424,-17,9,Furniture,Chairs
B-26326,138,11,5,Clothing,Stole
B-26326,259,47,5,Clothing,Hankerchief
B-26326,85,13,2,Clothing,Shirt
B-26326,106,12,3,Clothing,Trousers
B-26327,298,74,2,Furniture,Bookcases
B-26327,134,42,2,Furniture,Chairs
B-26327,1364,-1864,5,Furniture,Tables
B-26328,57,6,5,Clothing,Leggings
B-26329,174,-70,3,Electronics,Accessories
B-26329,33,1,2,Clothing,Shirt
B-26329,12,3,1,Clothing,Stole
B-26330,929,-93,9,Clothing,Saree
B-26331,724,253,2,Furniture,Bookcases
B-26332,74,23,8,Clothing,Skirt
B-26332,50,16,1,Clothing,Stole
B-26332,141,7,7,Clothing,Saree
B-26332,25,2,2,Clothing,Hankerchief
B-26332,21,-5,1,Electronics,Accessories
B-26332,24,-2,2,Clothing,T-shirt
B-26332,122,11,4,Clothing,Hankerchief
B-26332,59,10,4,Clothing,Leggings
B-26332,103,46,2,Clothing,Saree
B-26333,44,-40,3,Clothing,Stole
B-26333,976,293,4,Electronics,Accessories
B-26333,5729,64,14,Furniture,Chairs
B-26333,850,289,5,Electronics,Electronic Games
B-26334,155,56,3,Furniture,Furnishings
B-26334,333,50,2,Electronics,Phones
B-26334,13,-8,1,Clothing,T-shirt
B-26335,11,5,1,Clothing,Skirt
B-26336,117,-6,3,Electronics,Phones
B-26336,41,-6,1,Furniture,Chairs
B-26336,45,12,7,Clothing,Hankerchief
B-26337,28,1,1,Electronics,Accessories
B-26338,96,22,5,Clothing,Stole
B-26338,48,16,3,Clothing,Shirt
B-26338,120,1,1,Furniture,Chairs
B-26338,46,-14,1,Electronics,Phones
B-26338,24,2,4,Clothing,Hankerchief
B-26339,26,12,3,Clothing,Hankerchief
B-26339,168,18,6,Clothing,Stole
B-26339,1021,-48,4,Electronics,Electronic Games
B-26339,210,62,2,Electronics,Phones
B-26339,84,41,3,Clothing,T-shirt
B-26339,80,26,9,Clothing,Skirt
B-26340,45,6,3,Clothing,Shirt
B-26341,462,169,4,Clothing,Saree
B-26342,71,0,8,Clothing,Skirt
B-26343,259,-55,2,Furniture,Chairs
B-26344,97,17,2,Clothing,Stole
B-26345,108,26,4,Clothing,Shirt
B-26345,221,26,7,Furniture,Furnishings
B-26346,82,-39,5,Clothing,T-shirt
B-26347,312,-312,7,Furniture,Chairs
B-26348,94,20,2,Furniture,Furnishings
B-26348,9,-6,2,Clothing,Hankerchief
B-26348,156,21,3,Furniture,Chairs
B-26348,10,2,2,Clothing,Skirt
B-26348,46,-14,1,Electronics,Phones
B-26349,7,0,1,Clothing,Leggings
B-26350,610,208,3,Electronics,Printers
B-26351,23,2,2,Clothing,Skirt
B-26352,63,-24,6,Clothing,Kurti
B-26353,123,17,3,Furniture,Furnishings
B-26353,41,19,2,Clothing,T-shirt
B-26353,207,37,4,Clothing,Hankerchief
B-26353,510,234,6,Electronics,Electronic Games
B-26353,22,4,1,Clothing,Stole
B-26353,516,-392,8,Furniture,Chairs
B-26353,152,50,6,Clothing,Stole
B-26353,105,33,5,Clothing,Kurti
B-26353,79,33,4,Clothing,Stole
B-26354,45,-2,4,Clothing,Shirt
B-26354,231,99,2,Electronics,Electronic Games
B-26354,122,38,6,Clothing,T-shirt
B-26355,109,-6,6,Clothing,Saree
B-26355,245,91,2,Furniture,Bookcases
B-26355,433,26,3,Electronics,Printers
B-26355,27,6,3,Clothing,Skirt
B-26356,206,51,4,Clothing,Hankerchief
B-26357,53,-2,3,Clothing,Saree
B-26357,224,87,3,Clothing,Trousers
B-26357,231,-190,9,Clothing,Hankerchief
B-26357,11,-8,2,Clothing,Skirt
B-26357,61,30,2,Clothing,Hankerchief
B-26358,149,-87,4,Clothing,Saree
B-26359,148,52,5,Clothing,Stole
B-26359,193,33,5,Electronics,Accessories
B-26359,136,-33,5,Clothing,Saree
B-26359,85,2,6,Clothing,Stole
B-26359,51,21,3,Clothing,T-shirt
B-26360,101,18,9,Clothing,Skirt
B-26360,27,9,2,Clothing,Hankerchief
B-26360,484,28,3,Electronics,Printers
B-26360,30,-6,2,Clothing,Hankerchief
B-26360,1461,202,5,Furniture,Tables
B-26360,26,9,2,Clothing,Leggings
B-26361,669,74,5,Furniture,Bookcases
B-26362,96,48,5,Clothing,Leggings
B-26362,110,12,7,Clothing,Stole
B-26362,38,-13,3,Clothing,Stole
B-26362,109,40,1,Furniture,Furnishings
B-26363,663,-212,5,Electronics,Printers
B-26363,61,11,3,Clothing,Kurti
B-26364,32,8,5,Clothing,Hankerchief
B-26365,76,-72,9,Clothing,Hankerchief
B-26366,34,-22,4,Clothing,T-shirt
B-26366,29,3,2,Clothing,Stole
B-26366,12,-2,3,Clothing,Hankerchief
B-26366,27,12,1,Clothing,Stole
B-26366,140,56,4,Clothing,Shirt
B-26366,287,66,6,Clothing,Kurti
B-26367,29,-24,4,Clothing,Leggings
B-26368,228,63,3,Electronics,Electronic Games
B-26368,20,-2,1,Electronics,Accessories
B-26368,108,22,3,Electronics,Accessories
B-26368,119,1,1,Furniture,Chairs
B-26369,85,2,6,Clothing,Stole
B-26370,58,0,4,Clothing,Saree
B-26370,105,33,6,Clothing,Saree
B-26370,30,-5,2,Furniture,Furnishings
B-26370,80,-56,4,Electronics,Electronic Games
B-26370,30,-25,2,Clothing,T-shirt
B-26371,25,-1,4,Clothing,Kurti
B-26371,158,-63,4,Furniture,Chairs
B-26371,42,7,2,Clothing,Kurti
B-26371,24,11,5,Clothing,Hankerchief
B-26372,102,11,6,Clothing,T-shirt
B-26372,45,1,3,Clothing,T-shirt
B-26372,1030,206,8,Electronics,Printers
B-26372,193,33,5,Electronics,Accessories
B-26372,771,-424,2,Electronics,Phones
B-26372,79,36,4,Clothing,Shirt
B-26372,195,-117,5,Electronics,Phones
B-26372,148,54,2,Furniture,Chairs
B-26373,1314,342,3,Furniture,Bookcases
B-26373,21,-10,4,Clothing,Leggings
B-26373,9,-5,1,Clothing,Saree
B-26374,154,-85,3,Furniture,Chairs
B-26374,24,2,4,Clothing,Hankerchief
B-26374,1506,-266,6,Electronics,Printers
B-26374,40,13,3,Clothing,T-shirt
B-26375,55,18,2,Clothing,Kurti
B-26376,187,30,4,Electronics,Accessories
B-26377,35,-8,2,Furniture,Furnishings
B-26377,85,-1,3,Clothing,Saree
B-26377,95,5,2,Clothing,Stole
B-26378,154,39,3,Clothing,Hankerchief
B-26378,414,199,3,Electronics,Phones
B-26379,140,15,5,Clothing,Stole
B-26379,313,44,3,Electronics,Electronic Games
B-26379,44,-17,5,Clothing,Saree
B-26379,7,-3,2,Clothing,Hankerchief
B-26380,1027,441,8,Clothing,Saree
B-26381,1301,573,5,Electronics,Accessories
B-26382,465,-33,4,Electronics,Phones
B-26382,93,-65,4,Clothing,Stole
B-26382,34,-22,4,Clothing,T-shirt
B-26382,148,23,4,Clothing,Kurti
B-26382,62,6,6,Clothing,Skirt
B-26383,1355,-60,5,Clothing,Trousers
B-26384,662,240,2,Furniture,Bookcases
B-26384,255,74,5,Clothing,Hankerchief
B-26384,571,108,12,Clothing,Stole
B-26385,340,20,7,Clothing,Shirt
B-26386,30,-35,1,Furniture,Chairs
B-26386,97,29,2,Clothing,Hankerchief
B-26386,48,-22,2,Clothing,Saree
B-26386,341,160,7,Clothing,Stole
B-26387,92,5,6,Clothing,Hankerchief
B-26388,74,-51,3,Clothing,Stole
B-26389,104,2,2,Furniture,Furnishings
B-26390,50,3,2,Clothing,Stole
B-26390,503,-56,2,Clothing,Trousers
B-26390,25,10,1,Furniture,Furnishings
B-26390,132,-10,3,Clothing,Saree
B-26390,32,-8,2,Clothing,Stole
B-26390,382,92,2,Electronics,Printers
B-26391,40,-37,3,Clothing,Stole
B-26391,16,-12,2,Clothing,Stole
B-26391,39,14,5,Clothing,Leggings
B-26391,57,21,4,Clothing,Leggings
B-26392,27,4,3,Clothing,Skirt
B-26392,382,92,2,Electronics,Printers
B-26392,58,-52,3,Furniture,Chairs
B-26392,23,-5,7,Clothing,Hankerchief
B-26392,1218,420,8,Furniture,Bookcases
B-26392,1599,37,6,Electronics,Electronic Games
B-26393,149,15,3,Clothing,Saree
B-26394,132,54,5,Clothing,Stole
B-26394,32,1,2,Clothing,Stole
B-26394,87,36,5,Clothing,Stole
B-26394,130,61,3,Clothing,Shirt
B-26394,59,6,1,Electronics,Accessories
B-26394,446,53,3,Electronics,Printers
B-26394,223,4,3,Electronics,Phones
B-26395,126,-63,3,Electronics,Accessories
B-26396,512,-225,5,Clothing,Saree
B-26397,37,-5,3,Clothing,T-shirt
B-26397,42,12,5,Clothing,Hankerchief
B-26397,312,-312,7,Furniture,Chairs
B-26398,38,-6,2,Furniture,Furnishings
B-26398,143,-124,5,Clothing,Saree
B-26398,14,-2,3,Clothing,Hankerchief
B-26398,1103,-276,3,Furniture,Chairs
B-26398,22,-8,4,Clothing,Hankerchief
B-26398,84,-42,2,Electronics,Accessories
B-26398,1218,352,9,Furniture,Bookcases
B-26398,171,17,6,Clothing,T-shirt
B-26398,263,-63,2,Electronics,Electronic Games
B-26399,45,0,2,Clothing,T-shirt
B-26400,29,3,2,Clothing,Stole
B-26400,25,7,2,Clothing,Stole
B-26400,263,-63,2,Electronics,Electronic Games
B-26401,31,9,2,Clothing,Hankerchief
B-26401,1514,742,4,Electronics,Printers
B-26401,312,-312,7,Furniture,Chairs
B-26402,6,3,1,Clothing,Hankerchief
B-26402,333,-15,3,Electronics,Phones
B-26402,50,25,5,Clothing,Stole
B-26402,162,73,2,Electronics,Electronic Games
B-26402,71,-44,5,Electronics,Accessories
B-26402,406,97,7,Furniture,Chairs
B-26402,977,244,7,Electronics,Phones
B-26402,1361,197,9,Furniture,Bookcases
B-26403,227,102,8,Electronics,Accessories
B-26403,48,2,3,Clothing,Stole
B-26403,941,-203,3,Furniture,Tables
B-26403,17,7,3,Clothing,Hankerchief
B-26404,781,-594,6,Electronics,Printers
B-26405,68,-56,2,Electronics,Phones
B-26405,360,32,3,Clothing,Saree
B-26406,20,-9,6,Clothing,Hankerchief
B-26407,829,19,4,Electronics,Printers
B-26407,143,32,1,Furniture,Bookcases
B-26407,12,2,2,Clothing,Skirt
B-26407,12,0,2,Clothing,Hankerchief
B-26407,112,15,2,Furniture,Chairs
B-26407,104,2,2,Furniture,Furnishings
B-26407,338,41,7,Clothing,Hankerchief
B-26408,45,8,4,Clothing,Skirt
B-26409,81,-51,7,Clothing,Stole
B-26410,34,-6,4,Clothing,Leggings
B-26410,29,3,2,Clothing,Stole
B-26410,14,-1,4,Clothing,Kurti
B-26411,33,-12,5,Clothing,Hankerchief
B-26411,304,97,6,Clothing,Stole
B-26411,2847,712,8,Electronics,Printers
B-26411,2617,1151,4,Electronics,Phones
B-26412,105,33,5,Clothing,Kurti
B-26413,887,80,3,Electronics,Printers
B-26413,19,6,2,Clothing,Saree
B-26413,61,-25,4,Electronics,Accessories
B-26414,40,-37,3,Clothing,Stole
B-26414,29,9,3,Clothing,Saree
B-26414,43,-5,2,Clothing,Saree
B-26415,44,10,3,Clothing,Stole
B-26415,149,48,6,Clothing,Stole
B-26415,534,0,3,Clothing,Saree
B-26415,484,28,3,Electronics,Printers
B-26415,200,-60,4,Furniture,Bookcases
B-26415,16,6,3,Clothing,Hankerchief
B-26415,1218,352,9,Furniture,Bookcases
B-26415,18,4,1,Clothing,Saree
B-26416,767,-353,5,Clothing,Trousers
B-26417,38,-13,3,Clothing,Stole
B-26418,23,4,1,Clothing,Saree
B-26418,101,16,4,Clothing,T-shirt
B-26418,494,54,4,Furniture,Bookcases
B-26419,11,-8,2,Clothing,Skirt
B-26419,139,36,3,Clothing,Stole
B-26419,342,154,7,Furniture,Furnishings
B-26419,257,-252,4,Clothing,Saree
B-26419,216,50,4,Clothing,Stole
B-26419,191,51,5,Clothing,Shirt
B-26419,298,74,2,Furniture,Bookcases
B-26419,85,-1,3,Clothing,Saree
B-26420,82,27,3,Clothing,Kurti
B-26420,351,-94,5,Electronics,Electronic Games
B-26420,59,-46,7,Clothing,T-shirt
B-26420,1316,-527,7,Electronics,Electronic Games
B-26420,523,204,7,Clothing,Trousers
B-26420,77,36,2,Clothing,Shirt
B-26421,571,108,12,Clothing,Stole
B-26422,911,355,5,Electronics,Phones
B-26422,71,32,3,Clothing,Saree
B-26422,688,103,6,Electronics,Accessories
B-26422,24,-2,2,Clothing,T-shirt
B-26422,22,11,2,Clothing,Skirt
B-26423,76,-54,3,Electronics,Electronic Games
B-26423,87,-83,5,Clothing,Kurti
B-26423,9,-1,3,Clothing,Skirt
B-26424,115,0,1,Electronics,Accessories
B-26425,44,-3,1,Clothing,Saree
B-26425,18,8,2,Clothing,Hankerchief
B-26425,1316,-527,7,Electronics,Electronic Games
B-26425,128,4,3,Clothing,Saree
B-26425,148,52,5,Clothing,Stole
B-26426,73,-7,1,Electronics,Phones
B-26427,199,0,4,Clothing,Stole
B-26427,105,46,2,Clothing,Stole
B-26427,209,-63,4,Electronics,Electronic Games
B-26427,105,46,2,Clothing,Stole
B-26427,239,-162,5,Furniture,Chairs
B-26427,103,46,2,Clothing,Saree
B-26427,223,62,7,Clothing,Shirt
B-26428,34,13,2,Clothing,Saree
B-26429,3873,891,6,Electronics,Phones
B-26429,312,-312,7,Furniture,Chairs
B-26429,42,-23,2,Furniture,Furnishings
B-26429,148,-101,2,Furniture,Bookcases
B-26429,228,63,3,Electronics,Electronic Games
B-26429,21,-6,3,Clothing,Leggings
B-26429,26,-17,1,Clothing,Stole
B-26429,81,41,3,Clothing,Stole
B-26430,100,7,2,Clothing,T-shirt
B-26431,143,-124,5,Clothing,Saree
B-26432,23,-3,1,Clothing,Shirt
B-26433,671,114,9,Electronics,Phones
B-26434,465,207,9,Clothing,Saree
B-26435,307,74,3,Electronics,Accessories
B-26435,138,-3,5,Clothing,Saree
B-26435,34,-12,5,Clothing,Leggings
B-26435,382,92,2,Electronics,Printers
B-26435,188,13,7,Clothing,Shirt
B-26435,27,0,2,Clothing,Leggings
B-26436,136,-33,5,Clothing,Saree
B-26436,200,7,4,Electronics,Electronic Games
B-26436,52,11,5,Clothing,Leggings
B-26437,244,122,5,Furniture,Furnishings
B-26438,1120,199,6,Clothing,Saree
B-26438,1314,342,3,Furniture,Bookcases
B-26438,147,73,3,Clothing,Stole
B-26438,110,12,7,Clothing,Stole
B-26439,259,47,5,Clothing,Hankerchief
B-26439,155,26,3,Clothing,Stole
B-26440,511,194,3,Furniture,Chairs
B-26441,122,38,6,Clothing,T-shirt
B-26442,150,32,3,Clothing,Hankerchief
B-26442,4363,305,5,Furniture,Tables
B-26442,413,-314,9,Furniture,Chairs
B-26442,97,17,2,Clothing,Stole
B-26442,158,69,3,Clothing,Stole
B-26443,1275,357,2,Electronics,Phones
B-26443,148,52,5,Clothing,Stole
B-26443,196,-7,5,Electronics,Phones
B-26443,21,4,3,Clothing,Hankerchief
B-26444,122,-21,3,Furniture,Furnishings
B-26445,57,27,2,Clothing,Shirt
B-26446,48,6,1,Clothing,Saree
B-26447,134,-13,3,Electronics,Electronic Games
B-26448,185,48,4,Clothing,Stole
B-26449,47,-27,4,Clothing,Saree
B-26449,250,100,3,Clothing,Trousers
B-26449,448,148,2,Electronics,Printers
B-26449,197,20,4,Clothing,Kurti
B-26449,19,-15,3,Clothing,Hankerchief
B-26449,140,56,4,Clothing,Shirt
B-26449,767,-353,5,Clothing,Trousers
B-26449,117,14,3,Clothing,Shirt
B-26449,1052,-82,3,Furniture,Bookcases
B-26450,75,0,7,Clothing,Saree
B-26451,45,6,3,Clothing,Shirt
B-26452,724,-447,4,Electronics,Electronic Games
B-26453,158,-63,4,Furniture,Chairs
B-26453,571,108,12,Clothing,Stole
B-26454,121,41,4,Clothing,Stole
B-26454,216,-38,6,Furniture,Furnishings
B-26454,8,2,2,Clothing,Skirt
B-26454,379,63,2,Clothing,Saree
B-26454,102,0,3,Electronics,Phones
B-26454,444,-200,4,Electronics,Phones
B-26454,141,41,3,Clothing,Shirt
B-26454,498,-116,4,Clothing,Saree
B-26454,71,-44,5,Electronics,Accessories
B-26455,24,2,4,Clothing,Hankerchief
B-26456,1487,624,3,Clothing,Trousers
B-26456,1361,-980,3,Furniture,Tables
B-26457,527,26,3,Electronics,Electronic Games
B-26458,82,33,4,Clothing,Kurti
B-26458,47,-114,5,Furniture,Furnishings
B-26458,24,8,2,Clothing,Skirt
B-26459,49,21,1,Clothing,Stole
B-26459,30,-25,2,Clothing,T-shirt
B-26459,774,170,3,Electronics,Accessories
B-26459,44,-8,3,Clothing,Stole
B-26459,74,-25,3,Clothing,Stole
B-26460,35,14,2,Clothing,Stole
B-26460,44,7,3,Clothing,Kurti
B-26461,171,-140,2,Furniture,Bookcases
B-26461,10,-8,1,Clothing,Kurti
B-26461,1549,-439,4,Electronics,Phones
B-26461,9,-1,3,Clothing,Skirt
B-26462,75,28,9,Clothing,Hankerchief
B-26463,136,41,3,Electronics,Accessories
B-26464,75,2,5,Clothing,Leggings
B-26465,182,-11,3,Furniture,Bookcases
B-26465,202,4,4,Clothing,Hankerchief
B-26465,213,4,14,Clothing,Shirt
B-26466,832,0,3,Clothing,Trousers
B-26466,61,8,4,Clothing,Hankerchief
B-26466,170,19,5,Clothing,T-shirt
B-26466,1364,-1864,5,Furniture,Tables
B-26466,65,17,2,Clothing,T-shirt
B-26466,557,111,2,Electronics,Electronic Games
B-26467,16,-5,2,Clothing,Stole
B-26468,45,-2,4,Clothing,Shirt
B-26468,191,51,5,Clothing,Shirt
B-26468,141,41,3,Clothing,Shirt
B-26468,47,-20,2,Clothing,Kurti
B-26469,5729,64,14,Furniture,Chairs
B-26469,93,-65,4,Clothing,Stole
B-26469,17,6,1,Clothing,Stole
B-26469,25,7,2,Clothing,Stole
B-26469,37,17,3,Clothing,Hankerchief
B-26470,60,3,3,Clothing,Saree
B-26470,425,208,7,Clothing,Saree
B-26470,231,99,2,Electronics,Electronic Games
B-26470,155,5,3,Clothing,Stole
B-26470,21,-5,1,Electronics,Accessories
B-26470,188,-193,2,Electronics,Electronic Games
B-26471,571,108,12,Clothing,Stole
B-26472,80,22,3,Clothing,Stole
B-26473,9,-5,1,Clothing,Saree
B-26474,656,-36,2,Furniture,Bookcases
B-26474,30,14,3,Clothing,Hankerchief
B-26475,86,8,2,Clothing,Saree
B-26475,37,-5,3,Clothing,T-shirt
B-26475,105,33,5,Clothing,Kurti
B-26475,149,48,6,Clothing,Stole
B-26476,36,15,3,Clothing,Stole
B-26477,255,76,9,Clothing,Hankerchief
B-26477,274,-7,4,Electronics,Phones
B-26477,24,2,4,Clothing,Hankerchief
B-26477,149,15,3,Clothing,Saree
B-26478,565,66,7,Clothing,Saree
B-26478,26,10,4,Clothing,Hankerchief
B-26478,34,3,3,Clothing,Saree
B-26479,253,-11,1,Clothing,Trousers
B-26479,484,28,3,Electronics,Printers
B-26479,22,-2,3,Clothing,Hankerchief
B-26479,204,94,4,Clothing,Hankerchief
B-26480,146,19,5,Clothing,Stole
B-26481,152,50,6,Clothing,Stole
B-26482,90,29,5,Clothing,T-shirt
B-26483,228,63,3,Electronics,Electronic Games
B-26483,132,49,3,Clothing,Shirt
B-26483,460,143,3,Furniture,Chairs
B-26484,833,93,3,Clothing,Trousers
B-26485,336,123,3,Electronics,Phones
B-26486,44,14,3,Clothing,Hankerchief
B-26487,34,13,2,Clothing,Saree
B-26487,29,8,5,Clothing,Hankerchief
B-26487,37,3,3,Clothing,Hankerchief
B-26487,74,9,3,Clothing,Shirt
B-26487,27,-20,2,Clothing,Hankerchief
B-26487,202,4,4,Clothing,Hankerchief
B-26487,633,-633,11,Electronics,Accessories
B-26487,829,19,4,Electronics,Printers
B-26488,61,30,2,Clothing,Hankerchief
B-26488,29,10,4,Clothing,Hankerchief
B-26489,93,-65,4,Clothing,Stole
B-26490,211,19,8,Clothing,Stole
B-26491,23,4,2,Clothing,Skirt
B-26492,217,72,2,Furniture,Furnishings
B-26493,366,84,3,Furniture,Bookcases
B-26493,490,88,2,Electronics,Accessories
B-26493,248,8,2,Clothing,Saree
B-26493,89,-89,2,Furniture,Furnishings
B-26494,1355,-60,5,Clothing,Trousers
B-26495,382,68,3,Clothing,Saree
B-26495,60,-10,2,Furniture,Furnishings
B-26495,61,18,2,Electronics,Accessories
B-26495,2292,127,7,Furniture,Bookcases
B-26495,70,24,3,Clothing,Stole
B-26496,1622,248,3,Electronics,Phones
B-26497,744,119,6,Electronics,Printers
B-26498,102,13,2,Clothing,Stole
B-26499,169,38,3,Clothing,Saree
B-26499,81,19,7,Clothing,Hankerchief
B-26499,197,20,4,Clothing,Kurti
B-26499,105,46,2,Clothing,Stole
B-26499,13,-13,2,Clothing,Skirt
B-26499,149,-87,4,Clothing,Saree
B-26499,188,13,7,Clothing,Shirt
B-26499,31,9,2,Clothing,Hankerchief
B-26500,40,-12,3,Clothing,Shirt
B-26501,47,1,2,Clothing,Stole
B-26501,24,2,4,Clothing,Hankerchief
B-26501,1069,0,6,Clothing,Saree
B-26502,92,42,2,Clothing,Stole
B-26503,28,14,4,Clothing,Hankerchief
B-26504,53,2,4,Clothing,Hankerchief
B-26505,107,37,3,Clothing,Shirt
B-26505,59,30,3,Clothing,Leggings
B-26505,332,-43,6,Electronics,Phones
B-26505,1745,122,2,Furniture,Tables
B-26506,54,8,4,Clothing,T-shirt
B-26507,50,15,4,Clothing,Leggings
B-26508,147,73,3,Clothing,Stole
B-26509,148,25,3,Clothing,Saree
B-26509,93,-1,2,Clothing,Hankerchief
B-26509,321,26,3,Electronics,Printers
B-26509,450,-90,3,Electronics,Printers
B-26509,216,-135,3,Furniture,Chairs
B-26509,102,0,3,Electronics,Phones
B-26509,327,-39,1,Electronics,Phones
B-26509,476,0,3,Furniture,Chairs
B-26509,561,212,3,Clothing,Saree
B-26510,245,-78,3,Clothing,Saree
B-26511,25,-2,5,Clothing,Hankerchief
B-26511,27,5,1,Clothing,Stole
B-26511,444,-200,4,Electronics,Phones
B-26511,485,29,4,Electronics,Electronic Games
B-26511,429,17,3,Furniture,Chairs
B-26511,327,114,4,Clothing,Trousers
B-26511,119,-24,4,Furniture,Furnishings
B-26512,19,-2,2,Clothing,Leggings
B-26512,188,13,7,Clothing,Shirt
B-26512,16,2,1,Clothing,Saree
B-26512,341,44,7,Furniture,Furnishings
B-26512,89,6,5,Clothing,Saree
B-26513,244,122,5,Furniture,Furnishings
B-26513,200,13,5,Electronics,Phones
B-26513,246,61,2,Furniture,Bookcases
B-26513,86,22,2,Clothing,Saree
B-26514,40,17,2,Clothing,Stole
B-26514,681,259,4,Furniture,Chairs
B-26515,1364,-1864,5,Furniture,Tables
B-26515,81,-44,3,Clothing,Stole
B-26515,285,128,2,Electronics,Printers
B-26515,351,-47,8,Electronics,Phones
B-26516,89,6,5,Clothing,Saree
B-26517,113,24,4,Clothing,Hankerchief
B-26517,135,54,5,Clothing,Kurti
B-26517,1629,-153,3,Electronics,Phones
B-26517,17,-11,3,Clothing,Skirt
B-26517,97,36,7,Clothing,Hankerchief
B-26518,261,13,6,Clothing,Shirt
B-26519,109,40,1,Furniture,Furnishings
B-26519,595,292,3,Clothing,Saree
B-26519,154,-85,3,Furniture,Chairs
B-26519,110,12,7,Clothing,Stole
B-26519,154,54,3,Clothing,Hankerchief
B-26520,47,1,2,Clothing,Stole
B-26521,217,72,2,Furniture,Furnishings
B-26521,63,1,4,Clothing,T-shirt
B-26521,62,-56,5,Clothing,Kurti
B-26521,68,-62,2,Clothing,Trousers
B-26521,80,22,3,Clothing,Stole
B-26521,148,9,1,Electronics,Electronic Games
B-26521,202,4,4,Clothing,Hankerchief
B-26521,220,-19,2,Clothing,Saree
B-26521,154,26,4,Electronics,Accessories
B-26522,61,8,4,Clothing,Hankerchief
B-26522,90,27,2,Clothing,T-shirt
B-26522,1709,564,3,Clothing,Trousers
B-26522,75,28,9,Clothing,Hankerchief
B-26522,101,16,4,Clothing,T-shirt
B-26522,40,-33,5,Clothing,Hankerchief
B-26522,89,29,2,Clothing,Stole
B-26523,27,6,3,Clothing,Skirt
B-26524,106,0,2,Electronics,Phones
B-26524,8,-2,3,Clothing,Hankerchief
B-26524,11,-8,2,Clothing,Skirt
B-26525,23,4,2,Clothing,Skirt
B-26526,78,28,6,Clothing,Kurti
B-26526,55,-39,4,Clothing,Stole
B-26526,122,59,7,Furniture,Furnishings
B-26527,28,10,3,Clothing,Skirt
B-26527,31,10,1,Clothing,Kurti
B-26527,47,-21,2,Electronics,Electronic Games
B-26528,128,47,4,Clothing,Hankerchief
B-26528,250,100,3,Clothing,Trousers
B-26528,101,11,2,Clothing,Hankerchief
B-26529,49,3,1,Clothing,Shirt
B-26530,109,40,1,Furniture,Furnishings
B-26531,560,44,3,Clothing,Saree
B-26531,146,19,5,Clothing,Stole
B-26531,149,-40,2,Electronics,Phones
B-26531,19,8,2,Clothing,Hankerchief
B-26531,1622,95,5,Electronics,Printers
B-26531,255,74,5,Clothing,Hankerchief
B-26531,42,-23,2,Furniture,Furnishings
B-26531,15,-7,1,Clothing,Hankerchief
B-26532,93,-65,4,Clothing,Stole
B-26532,1250,486,7,Clothing,Saree
B-26532,24,-21,7,Clothing,Skirt
B-26532,315,-8,3,Furniture,Chairs
B-26532,330,81,1,Furniture,Bookcases
B-26532,29,-18,7,Clothing,Skirt
B-26533,120,1,1,Furniture,Chairs
B-26534,112,24,3,Clothing,Kurti
B-26534,52,18,5,Clothing,Leggings
B-26534,24,11,5,Clothing,Hankerchief
B-26535,27,-6,4,Clothing,Hankerchief
B-26535,13,-13,2,Clothing,Skirt
B-26535,48,11,2,Clothing,Shirt
B-26535,595,292,3,Clothing,Saree
B-26535,734,248,2,Furniture,Chairs
B-26536,82,13,2,Clothing,Shirt
B-26537,35,-8,2,Furniture,Furnishings
B-26537,835,267,5,Electronics,Phones
B-26537,253,-63,2,Clothing,Saree
B-26537,110,-68,4,Clothing,Saree
B-26537,170,19,5,Clothing,T-shirt
B-26538,243,-14,2,Furniture,Chairs
B-26538,43,17,1,Clothing,Saree
B-26538,38,-6,2,Furniture,Furnishings
B-26538,223,27,2,Furniture,Bookcases
B-26538,68,-55,5,Electronics,Accessories
B-26538,228,63,3,Electronics,Electronic Games
B-26539,122,50,7,Clothing,Stole
B-26539,135,54,5,Clothing,Kurti
B-26539,63,1,4,Clothing,T-shirt
B-26539,58,-8,2,Clothing,Saree
B-26539,414,199,3,Electronics,Phones
B-26539,462,169,4,Clothing,Saree
B-26539,91,22,2,Clothing,Stole
B-26540,527,26,3,Electronics,Electronic Games
B-26540,1487,624,3,Clothing,Trousers
B-26540,12,-2,3,Clothing,Hankerchief
B-26540,105,20,2,Clothing,Stole
B-26540,33,-29,3,Clothing,Shirt
B-26540,13,-13,2,Clothing,Skirt
B-26541,249,-130,4,Electronics,Phones
B-26541,2115,23,5,Furniture,Chairs
B-26541,55,12,5,Clothing,Skirt
B-26541,955,305,3,Electronics,Printers
B-26542,70,24,3,Clothing,Stole
B-26542,50,-44,2,Clothing,Hankerchief
B-26542,15,2,1,Clothing,Leggings
B-26542,70,-64,5,Clothing,Stole
B-26542,288,-180,4,Furniture,Chairs
B-26542,43,8,3,Clothing,Leggings
B-26542,70,-14,2,Furniture,Furnishings
B-26542,734,248,2,Furniture,Chairs
B-26542,1228,14,3,Furniture,Chairs
B-26543,765,-36,3,Electronics,Electronic Games
B-26543,2830,-1981,13,Furniture,Bookcases
B-26543,1063,64,7,Electronics,Phones
B-26543,245,-3,4,Electronics,Phones
B-26543,43,17,2,Clothing,T-shirt
B-26543,82,8,3,Electronics,Accessories
B-26543,53,-18,4,Clothing,T-shirt
B-26543,26,12,3,Clothing,Hankerchief
B-26543,31,-7,5,Clothing,Skirt
B-26543,724,-447,4,Electronics,Electronic Games
B-26544,5729,64,14,Furniture,Chairs
B-26544,66,22,3,Clothing,Stole
B-26544,143,-129,2,Electronics,Phones
B-26545,89,-37,4,Clothing,Shirt
B-26545,595,119,4,Furniture,Bookcases
B-26545,451,25,3,Electronics,Phones
B-26545,637,113,5,Clothing,Saree
B-26545,17,-12,5,Clothing,Skirt
B-26545,54,12,3,Clothing,Saree
B-26546,261,13,6,Clothing,Shirt
B-26546,41,-14,5,Clothing,Leggings
B-26546,147,73,3,Clothing,Stole
B-26546,48,2,3,Clothing,Stole
B-26546,97,-62,2,Clothing,Trousers
B-26546,418,70,7,Electronics,Phones
B-26546,70,-14,2,Furniture,Furnishings
B-26546,145,-104,5,Furniture,Chairs
B-26546,10,2,2,Clothing,Hankerchief
B-26547,168,-51,2,Furniture,Bookcases
B-26547,45,-2,4,Clothing,Shirt
B-26547,1622,95,5,Electronics,Printers
B-26547,157,5,9,Clothing,Saree
B-26547,681,259,4,Furniture,Chairs
B-26548,158,69,3,Clothing,Stole
B-26548,13,-2,1,Clothing,Stole
B-26548,10,-1,1,Clothing,Leggings
B-26548,53,2,4,Clothing,Hankerchief
B-26548,28,10,3,Clothing,Skirt
B-26548,145,0,3,Clothing,Saree
B-26548,656,-36,2,Furniture,Bookcases
B-26548,71,0,8,Clothing,Skirt
B-26549,75,2,5,Clothing,Leggings
B-26549,54,8,4,Clothing,T-shirt
B-26549,244,122,5,Furniture,Furnishings
B-26549,45,16,3,Clothing,Stole
B-26550,93,44,2,Clothing,Stole
B-26551,244,122,5,Furniture,Furnishings
B-26552,53,-18,4,Clothing,T-shirt
B-26552,182,-11,3,Furniture,Bookcases
B-26552,16,2,1,Clothing,Saree
B-26552,108,37,2,Clothing,Stole
B-26552,17,-12,5,Clothing,Skirt
B-26553,56,0,4,Clothing,Hankerchief
B-26553,156,36,5,Clothing,T-shirt
B-26553,44,-3,1,Clothing,Saree
B-26554,32,1,2,Clothing,Stole
B-26554,74,-59,2,Electronics,Accessories
B-26555,869,67,4,Furniture,Tables
B-26555,14,5,1,Clothing,Hankerchief
B-26555,559,174,2,Electronics,Electronic Games
B-26555,624,37,2,Electronics,Electronic Games
B-26555,852,51,5,Furniture,Bookcases
B-26556,594,89,3,Furniture,Bookcases
B-26556,60,3,3,Clothing,Saree
B-26556,186,-141,9,Clothing,Shirt
B-26556,24,1,4,Clothing,Hankerchief
B-26557,72,-6,3,Clothing,Saree
B-26558,192,-146,3,Clothing,Saree
B-26558,671,-309,5,Electronics,Electronic Games
B-26558,828,230,2,Furniture,Chairs
B-26558,109,52,2,Clothing,Stole
B-26558,227,102,8,Electronics,Accessories
B-26558,91,15,6,Clothing,T-shirt
B-26558,27,6,3,Clothing,Skirt
B-26558,880,97,8,Furniture,Furnishings
B-26559,65,-52,3,Electronics,Accessories
B-26560,257,23,5,Clothing,Hankerchief
B-26560,128,47,4,Clothing,Hankerchief
B-26560,1183,106,4,Electronics,Printers
B-26560,832,0,3,Clothing,Trousers
B-26560,8,-2,3,Clothing,Hankerchief
B-26560,319,102,6,Electronics,Accessories
B-26560,2061,701,5,Furniture,Bookcases
B-26561,34,13,2,Clothing,Saree
B-26561,424,161,2,Clothing,Saree
B-26561,41,-6,1,Furniture,Chairs
B-26561,31,10,1,Clothing,Kurti
B-26561,24,1,2,Clothing,Hankerchief
B-26562,44,14,3,Clothing,Hankerchief
B-26562,474,56,4,Electronics,Phones
B-26562,34,-13,5,Clothing,Leggings
B-26562,238,20,2,Clothing,Saree
B-26562,24,-21,7,Clothing,Skirt
B-26563,2093,721,5,Furniture,Chairs
B-26564,42,-23,2,Furniture,Furnishings
B-26565,2927,146,8,Furniture,Bookcases
B-26566,31,11,3,Clothing,Skirt
B-26566,33,-12,5,Clothing,Hankerchief
B-26566,263,-63,2,Electronics,Electronic Games
B-26567,137,5,5,Clothing,Shirt
B-26568,637,113,5,Clothing,Saree
B-26569,29,-3,3,Clothing,Saree
B-26569,25,2,3,Clothing,Kurti
B-26569,62,28,5,Clothing,Hankerchief
B-26570,476,0,3,Furniture,Chairs
B-26571,52,18,5,Clothing,Leggings
B-26571,401,13,6,Furniture,Chairs
B-26571,56,0,4,Clothing,Hankerchief
B-26572,585,175,13,Clothing,T-shirt
B-26572,44,-34,3,Clothing,Stole
B-26572,529,137,3,Electronics,Phones
B-26572,12,3,1,Clothing,Stole
B-26572,857,274,2,Furniture,Tables
B-26573,223,27,2,Furniture,Bookcases
B-26573,41,11,6,Clothing,Hankerchief
B-26573,29,11,4,Clothing,Skirt
B-26573,148,72,7,Clothing,T-shirt
B-26574,57,24,5,Clothing,Leggings
B-26575,20,-9,6,Clothing,Hankerchief
B-26575,33,10,3,Clothing,Hankerchief
B-26575,176,37,6,Electronics,Accessories
B-26576,314,-239,13,Clothing,Hankerchief
B-26576,1461,202,5,Furniture,Tables
B-26576,359,-338,5,Furniture,Bookcases
B-26576,579,139,3,Electronics,Printers
B-26576,324,39,8,Electronics,Accessories
B-26576,22,8,2,Clothing,Leggings
B-26577,781,-594,6,Electronics,Printers
B-26578,193,-275,3,Electronics,Phones
B-26578,171,14,9,Clothing,Shirt
B-26578,121,-17,3,Furniture,Furnishings
B-26578,16,-5,2,Clothing,Stole
B-26578,10,-1,1,Clothing,Saree
B-26578,362,127,1,Furniture,Bookcases
B-26578,115,25,1,Electronics,Accessories
B-26579,65,-16,2,Electronics,Phones
B-26580,210,62,2,Electronics,Phones
B-26580,139,30,3,Clothing,Shirt
B-26580,50,3,2,Clothing,Stole
B-26580,524,-25,2,Electronics,Electronic Games
B-26581,27,5,1,Clothing,Stole
B-26581,681,259,4,Furniture,Chairs
B-26581,1560,421,3,Clothing,Trousers
B-26581,224,-81,3,Furniture,Chairs
B-26582,342,154,7,Furniture,Furnishings
B-26583,19,-15,3,Clothing,Hankerchief
B-26584,610,-66,2,Furniture,Tables
B-26585,113,24,4,Clothing,Hankerchief
B-26586,114,11,4,Clothing,T-shirt
B-26586,193,8,4,Clothing,T-shirt
B-26586,264,-30,3,Furniture,Furnishings
B-26586,128,55,1,Clothing,Saree
B-26586,54,12,4,Clothing,Shirt
B-26587,45,6,3,Clothing,Shirt
B-26588,216,-83,3,Electronics,Electronic Games
B-26588,205,-119,3,Clothing,Saree
B-26588,313,44,3,Electronics,Electronic Games
B-26589,299,113,2,Furniture,Bookcases
B-26589,144,-7,4,Electronics,Electronic Games
B-26589,29,-3,3,Clothing,Saree
B-26589,2103,322,8,Electronics,Electronic Games
B-26589,148,25,3,Clothing,Saree
B-26589,71,19,3,Clothing,T-shirt
B-26590,22,4,1,Clothing,Stole
B-26590,50,25,5,Clothing,Stole
B-26590,40,16,3,Clothing,Hankerchief
B-26591,637,50,5,Clothing,Saree
B-26592,83,-81,3,Furniture,Chairs
B-26592,29,8,5,Clothing,Hankerchief
B-26592,170,19,5,Clothing,T-shirt
B-26592,192,-146,3,Clothing,Saree
B-26592,27,9,2,Clothing,Hankerchief
B-26592,133,-42,1,Electronics,Printers
B-26592,60,21,4,Clothing,Stole
B-26592,90,17,3,Clothing,Hankerchief
B-26592,781,-594,6,Electronics,Printers
B-26593,40,10,2,Clothing,Stole
B-26593,141,41,3,Clothing,Shirt
B-26593,55,18,2,Clothing,Kurti
B-26593,170,19,5,Clothing,T-shirt
B-26593,79,16,3,Clothing,T-shirt
B-26594,85,24,10,Clothing,Hankerchief
B-26594,333,-15,3,Electronics,Phones
B-26594,200,7,4,Electronics,Electronic Games
B-26595,190,19,9,Furniture,Furnishings
B-26595,47,-21,2,Electronics,Electronic Games
B-26596,642,180,5,Clothing,Saree
B-26597,16,-5,2,Clothing,Stole
B-26598,17,0,1,Clothing,Hankerchief
B-26599,1361,197,9,Furniture,Bookcases
B-26599,321,-315,5,Clothing,Saree
B-26599,151,29,5,Clothing,Hankerchief
B-26599,27,9,2,Clothing,T-shirt
B-26599,191,93,4,Clothing,Shirt
B-26599,79,33,4,Clothing,Stole
B-26599,598,166,4,Furniture,Bookcases
B-26599,296,-225,11,Clothing,Saree
B-26599,45,0,2,Clothing,Stole
B-26600,32,6,3,Clothing,Shirt
